{
	"format_version": "1.12.0",
	"minecraft:geometry": [
		{
			"description": {
				"identifier": "geometry.closed_crate",
				"texture_width": 64,
				"texture_height": 64,
				"visible_bounds_width": 3,
				"visible_bounds_height": 3.5,
				"visible_bounds_offset": [0, 1.25, 0]
			},
			"bones": [
				{
					"name": "chest",
					"pivot": [0, 0, 0],
					"locators": {
						"locator2": [0, 26, 0],
						"name": [0, 40, 0]
					}
				},
				{
					"name": "animate",
					"parent": "chest",
					"pivot": [1, -8.7, 0],
					"rotation": [0, -182, 0]
				},
				{
					"name": "leftarm",
					"parent": "animate",
					"pivot": [0.5, 1.3, -2]
				},
				{
					"name": "leftitem",
					"parent": "leftarm",
					"pivot": [3.4, 6.3, -5.8],
					"rotation": [160.00983, 42.73791, -179.22848]
				},
				{
					"name": "spin",
					"parent": "chest",
					"pivot": [0, -13, 0],
					"rotation": [0, -2, 0]
				},
				{
					"name": "rightarm",
					"parent": "spin",
					"pivot": [0.5, 1.3, 1]
				},
				{
					"name": "rightitem",
					"parent": "rightarm"
				},
				{
					"name": "body",
					"parent": "chest",
					"pivot": [0, 0, 0],
					"cubes": [
						{"origin": [-7, 0, -7], "size": [14, 10, 14], "uv": [0, 19]}
					]
				},
				{
					"name": "jaw",
					"parent": "chest",
					"pivot": [0, 10, 7],
					"cubes": [
						{"origin": [-7, 9, -7], "size": [14, 5, 14], "uv": [0, 0]},
						{"origin": [-1, 8, -8], "size": [2, 4, 1], "uv": [0, 0]}
					]
				},
				{
					"name": "updraft",
					"pivot": [0, 0, 0],
					"locators": {
						"locator": [0, 0, 0]
					}
				}
			]
		}
	]
}