{
	"format_version": "1.10.0",
	"geometry.catgirl_npc": {
		"texturewidth": 64,
		"textureheight": 64,
		"visible_bounds_width": 2,
		"visible_bounds_height": 3.5,
		"visible_bounds_offset": [0, 1.25, 0],
		"bones": [
			{
				"name": "body",
				"pivot": [0, 24, 0],
				"cubes": [
					{
						"origin": [-4, 12, -2],
						"size": [8, 12, 4],
						"uv": [16, 16]
					}
				]
			},
			{
				"name": "waist",
				"pivot": [0, 12, 0]
			},
			{
				"name": "head",
				"pivot": [0, 24, 0],
				"cubes": [
					{
						"origin": [-4, 24, -4],
						"size": [8, 8, 8],
						"uv": [0, 0]
					}
				]
			},
			{
				"name": "hat",
				"pivot": [0, 24, 0],
				"cubes": [
					{
						"origin": [-4, 24, -4],
						"size": [8, 8, 8],
						"uv": [32, 0],
						"inflate": 0.5
					}
				]
			},
			{
				"name": "rightArm",
				"pivot": [-5, 22, 0],
				"cubes": [
					{
						"origin": [-7, 12, -2],
						"size": [3, 12, 4],
						"uv": [40, 16]
					}
				]
			},
			{
				"name": "leftArm",
				"pivot": [5, 22, 0],
				"mirror": true,
				"cubes": [
					{
						"origin": [4, 12, -2],
						"size": [3, 12, 4],
						"uv": [40, 16]
					}
				]
			},
			{
				"name": "rightLeg",
				"pivot": [-1.9, 12, 0],
				"cubes": [
					{
						"origin": [-3.9, 0, -2],
						"size": [4, 12, 4],
						"uv": [0, 16]
					}
				]
			},
			{
				"name": "leftLeg",
				"pivot": [1.9, 12, 0],
				"mirror": true,
				"cubes": [
					{
						"origin": [-0.1, 0, -2],
						"size": [4, 12, 4],
						"uv": [0, 16]
					}
				]
			}
		]
	}
}