{
	"format_version": "1.10.0",
	"particle_effect": {
		"description": {
			"identifier": "azalea:vortex",
			"basic_render_parameters": {
				"material": "particles_alpha",
				"texture": "textures/particle/particles"
			}
		},
		"components": {
			"minecraft:emitter_initialization": {
				"creation_expression": "variable.size = 0.08;variable.radius = 0.6;"
			},
			"minecraft:emitter_local_space": {
				"position": true,
				"rotation": true
			},
			"minecraft:emitter_rate_steady": {
				"spawn_rate": 100,
				"max_particles": 100
			},
			"minecraft:emitter_lifetime_once": {
				"active_time": 5
			},
			"minecraft:emitter_shape_point": {
				"offset": ["1.3*math.sin(2*math.pi*250*variable.emitter_age)*(1-variable.emitter_age/5)", "1.3*math.cos(2*math.pi*250*variable.emitter_age)*(1-variable.emitter_age/5)", 0],
				"direction": [0, 1, 0]
			},
			"minecraft:particle_lifetime_expression": {
				"max_lifetime": 1
			},
			"minecraft:particle_initial_speed": 1,
			"minecraft:particle_appearance_billboard": {
				"size": ["0.1*(1-variable.particle_age)", "0.1*(1-variable.particle_age)"],
				"facing_camera_mode": "rotate_xyz",
				"uv": {
					"texture_width": 128,
					"texture_height": 128,
					"uv": [32, 88],
					"uv_size": [8, 8]
				}
			},
			"minecraft:particle_appearance_tinting": {
				"color": ["Math.clamp(0.6 + variable.particle_random_4/8, 0, 1)", "Math.clamp(0.9 + variable.particle_random_4/5, 0, 1)", "Math.clamp(0.2 + variable.particle_random_4/8, 0, 1)", 1]
			}
		}
	}
}