{
    "format_version": "1.8.0",
    "render_controllers": {
      "controller.render.catgirl_npc": {
        "arrays": {
          "textures": {
            "Array.skins": [
              "Texture.default",
              "Texture.alt1",
              "Texture.alt2",
              "Texture.alt3",
              "Texture.alt4"
            ]
          }
        },
        "geometry": "Geometry.default",
        "materials": [ { "*": "Material.default" } ],
        "textures": [ "Array.skins[query.variant]" ]
      }
    }
  }