{
	"format_version": "1.10.0",
	"particle_effect": {
		"description": {
			"identifier": "leaf:leaf",
			"basic_render_parameters": {
				"material": "particles_alpha",
				"texture": "textures/particles/leaf"
			}
		},
		"components": {
			"minecraft:emitter_rate_steady": {
				"spawn_rate": 11,
				"max_particles": 400
			},
			"minecraft:emitter_lifetime_once": {
				"active_time": 1
			},
			"minecraft:emitter_shape_sphere": {
				"radius": 2,
				"surface_only": true,
				"direction": "inwards"
			},
			"minecraft:particle_lifetime_expression": {
				"max_lifetime": 1
			},
			"minecraft:particle_initial_spin": {
				"rotation": "math.random(-180, 180)"
			},
			"minecraft:particle_initial_speed": 2,
			"minecraft:particle_motion_dynamic": {
				"linear_acceleration": [0, -10, 0],
				"linear_drag_coefficient": 0.1
			},
			"minecraft:particle_appearance_billboard": {
				"size": [0.25, 0.25],
				"facing_camera_mode": "rotate_xyz",
				"uv": {
					"texture_width": 16,
					"texture_height": 16,
					"uv": ["Math.floor(v.particle_random_3 * 2) * 8", "Math.floor(v.particle_random_4 * 2) * 8"],
					"uv_size": [8, 8]
				}
			},
			"minecraft:particle_motion_collision": {
				"collision_drag": 1,
				"coefficient_of_restitution": 0.3,
				"collision_radius": 0.2
			},
			"minecraft:particle_appearance_tinting": {
				"color": [1, 1, 1, 1]
			}
		}
	}
}