{
	"format_version": "1.10.0",
	"particle_effect": {
		"description": {
			"identifier": "azalea:flame_spiral",
			"basic_render_parameters": {
				"material": "particles_alpha",
				"texture": "textures/particle/particles"
			}
		},
		"components": {
			"minecraft:emitter_rate_steady": {
				"spawn_rate": 20,
				"max_particles": 200
			},
			"minecraft:emitter_lifetime_once": {
				"active_time": 2.2
			},
			"minecraft:emitter_shape_point": {
				"offset": ["1*-math.sin(variable.emitter_age*180)", 2.5, "1*math.cos(variable.emitter_age*180)"]
			},
			"minecraft:particle_lifetime_expression": {
				"max_lifetime": 1
			},
			"minecraft:particle_initial_speed": 0,
			"minecraft:particle_motion_dynamic": {
				"linear_acceleration": [0, -8, 0]
			},
			"minecraft:particle_appearance_billboard": {
				"size": ["variable.size*(1.5-variable.particle_age)", "variable.size*(1.5-variable.particle_age)"],
				"facing_camera_mode": "rotate_xyz",
				"uv": {
					"texture_width": 128,
					"texture_height": 128,
					"uv": [0, 24.1],
					"uv_size": [8, 7.9]
				}
			},
			"minecraft:particle_appearance_tinting": {
				"color": [1, 1, 1, 1]
			}
		}
	}
}