{
    "namespace": "server_form_light",
    "third_party_server_screen@common.base_screen": {
        "$screen_content": "server_form_light.main_screen_content",
        "button_mappings": [
            {
                "from_button_id": "button.menu_cancel",
                "to_button_id": "button.menu_exit",
                "mapping_type": "global"
            }
        ]
    },
    "main_screen_content": {
        "type": "panel",
        "controls": [
            {
                "server_form_light_factory": {
                    "type": "factory",
                    "control_ids": {
                        "long_form": "@server_form_light.long_form",
                        "custom_form": "@server_form_light.custom_form"
                    }
                }
            }
        ]
    },
    "long_form@common_dialogs.main_panel_no_buttons": {
        "$title_panel": "common_dialogs.standard_title_label",
        "$title_text_color": [1.0,1.0,1.0],

        "$title_size": [
            "100% - 14px",
            10
        ],
        "size": [
            "100%",
            "100%"
        ],
        "$custom_background": "textures/ui/fullscreen_background",
        "$text_name": "#title_text",
        "$title_text_binding_type": "none",
        "$child_control": "server_form_light.long_form_panel",
        "layer": 2
    },
    "long_form_panel": {
        "type": "stack_panel",
        "size": [
            "100%",
            "100%"
        ],
        "orientation": "vertical",
        "layer": 1,
        "anchor_from": "top_left",
        "anchor_to": "top_left",
        "controls": [
            {
                "scrolling_panel@common.scrolling_panel": {
                    "anchor_to": "top_left",
                    "anchor_from": "top_left",
                    "$show_background": false,
                    "size": [
                        "100%",
                        "100%"
                    ],
                    "$scrolling_content": "server_form_light.long_form_scrolling_content",
                    "$scroll_size": [
                        5,
                        "100% - 4px"
                    ],
                    "$scrolling_pane_size": [
                        "100% - 4px",
                        "100% - 2px"
                    ],
                    "$scrolling_pane_offset": [
                        2,
                        0
                    ],
                    "$scroll_bar_right_padding_size": [
                        0,
                        0
                    ]
                }
            }
        ]
    },
    "long_form_scrolling_content": {
        "type": "stack_panel",
        "size": [
            "100% - 4px",
            "100%c"
        ],
        "orientation": "vertical",
        "anchor_from": "top_left",
        "anchor_to": "top_left",
        "controls": [
            {
                "label_offset_panel": {
                    "type": "panel",
                    "size": [
                        "100%",
                        "100%c"
                    ],
                    "controls": [
                        {
                            "main_label": {
                                "type": "label",
                                "offset": [
                                    2,
                                    2
                                ],
                                "color": "$main_header_text_color",
                                "size": [
                                    "100%",
                                    "default"
                                ],
                                "anchor_from": "top_left",
                                "anchor_to": "top_left",
                                "text": "#form_text"
                            }
                        }
                    ]
                }
            },
            {
                "padding": {
                    "type": "panel",
                    "size": [
                        "100%",
                        4
                    ]
                }
            },
            {
                "wrapping_panel": {
                    "type": "panel",
                    "size": [
                        "100%",
                        "100%c"
                    ],
                    "controls": [
                        {
                            "long_form_dynamic_buttons_panel@server_form_light.long_form_dynamic_buttons_panel": {}
                        }
                    ]
                }
            }
        ]
    },
    "long_form_dynamic_buttons_panel": {
        "type": "stack_panel",
        "size": [
            "100% - 4px",
            "100%c"
        ],
        "offset": [
            2,
            0
        ],
        "orientation": "vertical",
        "anchor_from": "top_middle",
        "anchor_to": "top_middle",
        "factory": {
            "name": "buttons",
            "control_name": "server_form_light.dynamic_button"
        },
        "collection_name": "form_buttons",
        "bindings": [
            {
                "binding_name": "#form_button_length",
                "binding_name_override": "#collection_length"
            }
        ]
    },
    "dynamic_button": {
        "type": "stack_panel",
        "size": [
            "100%",
            32
        ],
        "orientation": "horizontal",
        "controls": [
            {
                "panel_name": {
                    "type": "panel",
                    "size": [
                        34,
                        "100%c"
                    ],
                    "bindings": [
                        {
                            "binding_type": "view",
                            "source_control_name": "image",
                            "resolve_sibling_scope": true,
                            "source_property_name": "(not (#texture = ''))",
                            "target_property_name": "#visible"
                        }
                    ],
                    "controls": [
                        {
                            "image": {
                                "type": "image",
                                "layer": 2,
                                "size": [
                                    32,
                                    32
                                ],
                                "offset": [
                                    -2,
                                    0
                                ],
                                "bindings": [
                                    {
                                        "binding_name": "#form_button_texture",
                                        "binding_name_override": "#texture",
                                        "binding_type": "collection",
                                        "binding_collection_name": "form_buttons"
                                    },
                                    {
                                        "binding_name": "#form_button_texture_file_system",
                                        "binding_name_override": "#texture_file_system",
                                        "binding_type": "collection",
                                        "binding_collection_name": "form_buttons"
                                    },
                                    {
                                        "binding_type": "view",
                                        "source_property_name": "(not ((#texture = '') or (#texture = 'loading')))",
                                        "target_property_name": "#visible"
                                    }
                                ]
                            }
                        },
                        {
                            "progress@progress.progress_loading_bars": {
                                "size": [
                                    30,
                                    4
                                ],
                                "offset": [
                                    -2,
                                    16
                                ],
                                "bindings": [
                                    {
                                        "binding_type": "view",
                                        "source_control_name": "image",
                                        "resolve_sibling_scope": true,
                                        "source_property_name": "(#texture = 'loading')",
                                        "target_property_name": "#visible"
                                    }
                                ]
                            }
                        }
                    ]
                }
            },
            {
                "form_button@common_buttons.light_text_button": {
                    "$pressed_button_name": "button.form_button_click",
                    "anchor_from": "top_left",
                    "anchor_to": "top_left",
                    "size": [
                        "fill",
                        32
                    ],
                    "$default_text_color": [
                        1.0,
                        1.0,
                        1.0
                    ],
                    "$default_button_texture": "textures/ui/button_borderless_light2",
                    "$hover_button_texture": "textures/ui/button_borderless_lighthover",
                    "$button_text": "#form_button_text",
                    "$button_text_binding_type": "collection",
                    "$button_text_grid_collection_name": "form_buttons",
                    "$button_text_max_size": [
                        "100%",
                        20
                    ],
                    "bindings": [
                        {
                            "binding_type": "collection_details",
                            "binding_collection_name": "form_buttons"
                        }
                    ]
                }
            }
        ]
    },
    "custom_form@common_dialogs.main_panel_no_buttons": {
        "$title_panel": "common_dialogs.standard_title_label",
        "$custom_background": "dialog_background_hollow_3_light",
        "$title_size": [
            "100% - 14px",
            10
        ],
        "$title_text_color": [1.0,1.0,1.0],
        "size": [
            300,
            255
        ],
        "$text_name": "#title_text",
        "$title_text_binding_type": "none",
        "$child_control": "server_form_light.custom_form_panel",
        "layer": 2
    },
    "custom_form_panel@common.scrolling_panel": {
        "anchor_to": "top_left",
        "anchor_from": "top_left",
        "$show_background": false,
        "size": [
            "100%",
            "100%"
        ],
        "$scrolling_content": "server_form_light.custom_form_scrolling_content",
        "$scroll_size": [
            5,
            "100% - 4px"
        ],
        "$scrolling_pane_size": [
            "100% - 4px",
            "100% - 2px"
        ],
        "$scrolling_pane_offset": [
            2,
            0
        ],
        "$scroll_bar_right_padding_size": [
            0,
            0
        ]
    },
    "generated_contents": {
        "type": "stack_panel",
        "size": [
            "100%",
            "100%c"
        ],
        "orientation": "vertical",
        "anchor_from": "top_left",
        "anchor_to": "top_left",
        "factory": {
            "name": "buttons",
            "control_ids": {
                "label": "@server_form_light.custom_label",
                "toggle": "@server_form_light.custom_toggle",
                "slider": "@server_form_light.custom_slider",
                "step_slider": "@server_form_light.custom_step_slider",
                "dropdown": "@server_form_light.custom_dropdown",
                "input": "@server_form_light.custom_input"
            }
        },
        "collection_name": "custom_form",
        "bindings": [
            {
                "binding_name": "#custom_form_length",
                "binding_name_override": "#collection_length"
            }
        ]
    },
    "custom_form_scrolling_content": {
        "type": "stack_panel",
        "size": [
            "100% - 4px",
            "100%c"
        ],
        "offset": [
            2,
            0
        ],
        "orientation": "vertical",
        "anchor_from": "top_left",
        "anchor_to": "top_left",
        "controls": [
            {
                "generated_form@server_form_light.generated_contents": {}
            },
            {
                "submit_button@common_buttons.light_text_button": {
                    "$default_button_texture": "textures/example/header",
                    "$hover_button_texture": "textures/example/button_hover",

                    "$pressed_button_name": "button.submit_custom_form",
                    "anchor_from": "top_left",
                    "anchor_to": "top_left",
                    "size": [
                        "100%",
                        32
                    ],
                    "$default_text_color": [
                        1.0,
                        1.0,
                        1.0
                    ],
                    "$button_text": "#submit_text",
                    "$button_text_binding_type": "global",
                    "$button_binding_condition": "once",

                    "bindings": [
                        {
                            "binding_name": "#submit_button_visible",
                            "binding_name_override": "#visible"
                        }
                    ]
                }
            }
        ]
    },
    "custom_label@settings_common.option_group_label": {
        "$text": "#custom_text",
        "$text_bindings": [
            {
                "binding_name": "#custom_text",
                "binding_type": "collection",
                "binding_collection_name": "custom_form"
            }
        ]
    },
    "option_toggle@settings_common.option_generic": {
        "$control_name": "settings_common.option_toggle_control",
        "$option_label|default": "",
        "$toggle_tts_header": "$option_label",
        "$unchecked_control": "server_form_light.option_toggle_off",
        "$checked_control": "server_form_light.option_toggle_on",
        "$unchecked_hover_control": "server_form_light.option_toggle_off_hover",
        "$checked_hover_control": "server_form_light.option_toggle_on_hover",
        "variables": [
            {
                "requires": "$desktop_screen",
                "$one_line_layout": true
            }
        ]
    },
    "option_toggle_on@settings_common.option_toggle_state_template": {
        "texture": "textures/example/toggles/toggle_on"
    },
    "option_toggle_off@settings_common.option_toggle_state_template": {
        "texture": "textures/example/toggles/toggle_off"
    },
    "option_toggle_on_hover@settings_common.option_toggle_state_template": {
        "texture": "textures/example/toggles/toggle_on_hover"
    },
    
    "option_toggle_off_hover@settings_common.option_toggle_state_template": {
        "texture": "textures/example/toggles/toggle_off_hover"
    },
    "option_toggle_control2@common.toggle": {
        "$option_label": "#custom_text",
        "$toggle_name": "custom_toggle",
        "$toggle_state_binding_name": "#custom_toggle_state",
        "$option_binding_name": "#custom_toggle_state",
        "$toggle_binding_type": "collection",
        "$toggle_enabled_binding_name": "#custom_toggle_enabled",
        "$toggle_enabled_binding_type": "collection",
        "$toggle_grid_collection_name": "custom_form",

        "$label_bindings": [
            {
                "binding_name": "#custom_text",
                "binding_type": "collection",
                "binding_collection_name": "custom_form"
            }
        ]

    },
    "custom_toggle@settings_common.option_toggle2": {
        "$option_label": "#custom_text",
        "$option_tooltip_binding_type": "collection",
        "$option_tooltip_collection_name": "custom_form",
        "$option_tooltip_text_binding_name": "#custom_tooltip_text",
        "$option_tooltip_area": "inside_header_panel",
        "$option_tooltip_visible": true,
        "$toggle_name": "custom_toggle",
        // "$control_name": "server_form_light.option_toggle_control2",

        "$toggle_state_binding_name": "#custom_toggle_state",
        "$option_binding_name": "#custom_toggle_state",
        "$toggle_binding_type": "collection",
        "$toggle_enabled_binding_name": "#custom_toggle_enabled",
        "$toggle_enabled_binding_type": "collection",
        "$toggle_grid_collection_name": "custom_form",
        "$unchecked_control": "server_form_light.option_toggle_off",
        "$checked_control": "server_form_light.option_toggle_on",
        "$unchecked_hover_control": "server_form_light.option_toggle_off_hover",
        "$checked_hover_control": "server_form_light.option_toggle_on_hover",
        "$label_bindings": [
            {
                "binding_name": "#custom_text",
                "binding_type": "collection",
                "binding_collection_name": "custom_form"
            }
        ]
    },
    "custom_slider@settings_common.option_slider": {
        "$option_label": "#custom_slider_text",
        "$slider_name": "custom_slider",
        "$slider_value_binding_name": "#custom_slider_value",
        "$slider_tts_text_value": "#custom_slider_text_value",
        "$option_tooltip_binding_type": "collection",
        "$option_tooltip_collection_name": "custom_form",
        "$option_tooltip_text_binding_name": "#custom_tooltip_text",
        "$option_tooltip_area": "inside_header_panel",
        "$option_tooltip_visible": true,
        "$slider_binding_type": "collection",
        "$slider_collection_name": "custom_form",
        "$slider_enabled_binding_name": "#custom_slider_enabled",
        "$slider_enabled_binding_type": "collection",
        "$label_bindings": [
            {
                "binding_name": "#custom_slider_text",
                "binding_type": "collection",
                "binding_collection_name": "custom_form"
            }
        ]
    },
    "custom_step_slider@server_form_light.custom_slider": {
        "$option_label": "#custom_slider_step_text",
        "$slider_name": "custom_slider_step",
        "$slider_value_binding_name": "#custom_slider_step_value",
        "$slider_tts_text_value": "#custom_slider_step_text_value",
        "$option_tooltip_binding_type": "collection",
        "$option_tooltip_collection_name": "custom_form",
        "$option_tooltip_text_binding_name": "#custom_tooltip_text",
        "$option_tooltip_area": "inside_header_panel",
        "$option_tooltip_visible": true,
        "$slider_steps_binding_type": "collection",
        "$slider_steps_binding_name": "#custom_slider_steps",
        "$label_bindings": [
            {
                "binding_name": "#custom_slider_step_text",
                "binding_type": "collection",
                "binding_collection_name": "custom_form"
            }
        ]
    },
    "option_dropdown_control": {
        "type": "panel",
        "$option_dropdown_size|default": [
            "100%",
            30
        ],
        "size": "$option_dropdown_size",
        "anchor_from": "center",
        "anchor_to": "center",
        "$dropdown_background_control|default": "common.dropdown_background",
        "$option_dropdown_type|default": "common.dropdown",
        "$option_label|default": "",
        "layer": 2,
        "controls": [
            {
                "dropdown@$option_dropdown_type": {
                    "$dropdown_toggle": "server_form_light.options_dropdown_toggle_control",
                    "$dropdown_background": "$dropdown_background_control",
                    // you need to specify the content with "$dropdown_content"
                    "$dropdown_content|default": "unset_dropdown_content",
                    // you need to specify a unique name with "$dropdown_name"
                    "$dropdown_name|default": "unset $dropdown_name",
                    // you need to specify a the label with "$options_dropdown_toggle_label_binding"
                    "$options_dropdown_toggle_label_binding|default": "unset $options_dropdown_toggle_label_text",
                    "$locked_alpha": 0.5,
                    "$toggle_tts_header": "$option_label"
                }
            }
        ]
    },
    "options_dropdown_toggle_control@common_toggles.light_template_toggle": {
        "size": [
            "100%",
            "100%"
        ],
        "$default_chevron_hover": "textures/azalea_icons/other/arrow_lower",
        "$default_chevron_nohover": "textures/azalea_icons/other/arrow_lower",
        "$default_chevron": "textures/azalea_icons/other/arrow_lower",
        "$button_type_panel|default": "settings_common.default_options_dropdown_toggle_button_state_content",
        "$unchecked_hover_control": "common_toggles.toggle_unchecked_hover_with_chevron",
        "$checked_hover_control": "common_toggles.toggle_checked_hover_with_chevron",
        "$option_tooltip_binding_type": "collection",
        "$option_tooltip_collection_name": "custom_form",
        "$option_tooltip_text_binding_name": "#custom_tooltip_text",
        "$option_tooltip_area": "inside_header_panel",
        "$option_tooltip_visible": true,
        "$pressed_texture": "textures/example/button_disabled",
        "$pressed_no_hover_texture": "textures/example/button_hover",
        "enabled": "$enabled",
        "$default_text_color|default": [1.0,1.0,1.0],
        "$default_texture|default": "textures/example/button",
        "$hover_texture|default": "textures/example/button_hover",
        "$toggle_enabled_binding_name|default": "$option_enabled_binding_name",
        "$toggle_enabled_binding_type|default": "global",
        "$toggle_binding_type|default": "global",
        "variables": [
            {
                "requires": "(not $option_enabled_binding_name or not $enabled)",
                "$toggle_enabled_binding_name": "#not_data_bound",
                "$toggle_enabled_binding_type": "none"
            }
        ]
    },
    "option_dropdown@settings_common.option_generic": {
        "$control_name": "server_form_light.option_dropdown_control",
        "$dropdown_background_control": "common.dropdown_background_light"
    },
    "custom_dropdown": {
        "type": "panel",
        "size": [
            "100%",
            "100%c"
        ],
        "$option_tooltip_binding_type": "collection",
        "$option_tooltip_collection_name": "custom_form",
        "$option_tooltip_text_binding_name": "#custom_tooltip_text",
        "$option_tooltip_area": "inside_header_panel",
        "$option_tooltip_visible": true,
        "controls": [
            {
                "dropdown@server_form_light.option_dropdown": {
                    "$option_label": "#custom_text",
                    "$dropdown_content": "server_form_light.custom_dropdown_content",
                    "$dropdown_area": "generated_form",
                    "$dropdown_name": "custom_dropdown",
                    "$toggle_binding_type": "collection",
                    "$toggle_grid_collection_name": "custom_form",
                    "$options_dropdown_toggle_label_binding": "#dropdown_option_text",
                    "$options_dropdown_toggle_label_binding_type": "collection",
                    "$options_dropdown_toggle_label_binding_collection_name": "custom_form",
                    "$dropdown_scroll_content_size": [
                        "100%",
                        "200%"
                    ],
                    "$label_bindings": [
                        {
                            "binding_name": "#custom_text",
                            "binding_type": "collection",
                            "binding_collection_name": "custom_form"
                        }
                    ]
                }
            }
        ]
    },
    "custom_dropdown_content@settings_common.option_radio_dropdown_group": {
        "$radio_buttons": [],
        "$radio_factory": {
            "name": "buttons",
            "control_name": "server_form_light.custom_dropdown_radio"
        },
        "$radio_collection_name": "custom_dropdown",
        "$radio_bindings": [
            {
                "binding_name": "#custom_dropdown_length",
                "binding_type": "collection",
                "binding_name_override": "#collection_length",
                "binding_collection_name": "custom_form"
            }
        ]
    },
    "custom_dropdown_radio@settings_common.radio_with_label": {
        "$toggle_name": "custom_dropdown_radio_toggle",
        "$toggle_state_binding_name": "#custom_radio_toggled",
        "$toggle_binding_type": "collection",
        "$toggle_grid_collection_name": "custom_dropdown",
        "$toggle_collection_details_type": "collection_details",
        "$radio_label_text": "#custom_radio_text",
        "$radio_label_bindings": [
            {
                "binding_name": "#custom_radio_text",
                "binding_type": "collection",
                "binding_collection_name": "custom_dropdown"
            },
            {
                "binding_type": "collection_details"
            }
        ]
    },
    
  "option_text_edit_control@common.text_edit_box": {
    "$option_text_edit_control_size|default": [ "100%", "30px" ],
    "size": "$option_text_edit_control_size",
    "max_length": "$max_text_edit_length",
    "$option_tooltip_binding_type": "collection",
    "$option_tooltip_collection_name": "custom_form",
    "$option_tooltip_text_binding_name": "#custom_tooltip_text",
    "$option_tooltip_area": "inside_header_panel",
    "$option_tooltip_visible": true,
    "$text_edit_box_content_binding_name": "$option_binding_name",
    "$text_edit_box_binding_collection_name": "$option_binding_name",
    "$text_background_default": "common.edit_box_indent2",
    "$text_background_hover": "common.edit_box_indent_hover2",
    "$text_edit_box_binding_type": "global",
    "$text_box_enabled_binding_name": "$option_enabled_binding_name",
    "enabled": "$enabled",
    "$place_holder_text": "$option_place_holder_text",
    "$text_box_tts_header": "$option_label",
    "$tts_override_control_value|default": " ",
    "tts_override_control_value": "$tts_override_control_value",

    "variables": [
      {
        "requires": "(not $option_enabled_binding_name or not $enabled)",
        "$text_box_enabled_binding_name": "#not_data_bound",
        "$text_edit_box_enabled_binding_type": "none"
      }
    ]
  },
    "option_text_edit@settings_common.option_generic": {
    "$option_place_holder_text|default": "",
    "$max_text_edit_length|default": 30,
    "$control_name": "server_form_light.option_text_edit_control",
    "$text_background_default": "common.edit_box_indent2",
    "$text_background_hover": "common.edit_box_indent_hover2"
},
    "custom_input@server_form_light.option_text_edit": {
        "$option_label": "#custom_text",
        "$option_place_holder_text": "#custom_placeholder_text",
        "$text_edit_box_placeholder_content_binding_name": "$option_place_holder_text",
        "$text_edit_box_placeholder_content_binding_type": "collection",
        "$text_edit_box_grid_collection_name": "custom_form",
        "$max_text_edit_length": 100,
        "$option_tooltip_binding_type": "collection",
        "$option_tooltip_collection_name": "custom_form",
        "$option_tooltip_text_binding_name": "#custom_tooltip_text",
        "$option_tooltip_area": "inside_header_panel",
        "$option_tooltip_visible": true,
        "$text_edit_box_content_binding_type": "collection",
        "$text_edit_box_content_binding_name": "#custom_input_text",
        "$option_binding_name": "#custom_input_text",
        "$text_box_enabled_binding_name": "#custom_input_enabled",
        "$text_box_name": "custom_input",
        "$label_bindings": [
            {
                "binding_name": "#custom_text",
                "binding_type": "collection",
                "binding_collection_name": "custom_form"
            }
        ]
    }
}