{
	"format_version": "1.12.0",
	"minecraft:geometry": [
		{
			"description": {
				"identifier": "geometry.crate_1",
				"texture_width": 128,
				"texture_height": 128,
				"visible_bounds_width": 2,
				"visible_bounds_height": 2.5,
				"visible_bounds_offset": [0, 0.75, 0]
			},
			"bones": [
				{
					"name": "top",
					"pivot": [0, 0, 0],
					"cubes": [
						{"origin": [-5, 5, 5], "size": [2, 5, 1], "uv": [0, 21]},
						{"origin": [-5, 5, -6], "size": [2, 5, 1], "uv": [0, 15]},
						{"origin": [-5, 9, -5], "size": [2, 1, 10], "uv": [41, 15]},
						{"origin": [3, 5, 5], "size": [2, 5, 1], "uv": [0, 6]},
						{"origin": [3, 5, -6], "size": [2, 5, 1], "uv": [0, 0]},
						{"origin": [3, 9, -5], "size": [2, 1, 10], "uv": [41, 0]},
						{"origin": [-6, 4, -5], "size": [12, 5, 10], "uv": [0, 44]}
					]
				},
				{
					"name": "bottom",
					"pivot": [0, 0, 0],
					"cubes": [
						{"origin": [-3, 1, -6], "size": [2, 2, 1], "pivot": [0, 0, 0], "rotation": [0, 0, 45], "uv": [41, 0]},
						{"origin": [-2, 5, -7], "size": [2, 2, 1], "pivot": [0, 0, 0], "rotation": [0, 0, 45], "uv": [41, 4]},
						{"origin": [-7, 0, -7], "size": [2, 2, 1], "pivot": [0, 0, 0], "rotation": [0, 0, 45], "uv": [41, 4]},
						{"origin": [5, 1, -6], "size": [2, 1, 2], "uv": [0, 29]},
						{"origin": [-7, 1, -6], "size": [2, 1, 2], "uv": [0, 33]},
						{"origin": [5, 1, 4], "size": [2, 1, 2], "uv": [35, 29]},
						{"origin": [-7, 1, 4], "size": [2, 1, 2], "uv": [35, 33]},
						{"origin": [-6, 1, -5], "size": [12, 3, 10], "uv": [35, 33]},
						{"origin": [-7, 4.5, -6], "size": [14, 1, 12], "uv": [0, 0]},
						{"origin": [-7, 0, -6], "size": [14, 1, 12], "uv": [0, 15]}
					]
				}
			]
		}
	]
}