{
	"format_version": "1.12.0",
	"minecraft:geometry": [
		{
			"description": {
				"identifier": "geometry.crate.custom",
				"texture_width": 128,
				"texture_height": 128,
				"visible_bounds_width": 3,
				"visible_bounds_height": 3.5,
				"visible_bounds_offset": [0, 1.25, 0]
			},
			"bones": [
				{
					"name": "chest",
					"pivot": [0, 0, 0],
					"locators": {
						"locator2": [0, 26, 0],
						"name": [0, 40, 0]
					}
				},
				{
					"name": "animate",
					"parent": "chest",
					"pivot": [1, -8.7, 0],
					"rotation": [0, -182, 0]
				},
				{
					"name": "leftarm",
					"parent": "animate",
					"pivot": [0.5, 1.3, -2]
				},
				{
					"name": "leftitem",
					"parent": "leftarm",
					"pivot": [3.4, 6.3, -5.8],
					"rotation": [160.00983, 42.73791, -179.22848]
				},
				{
					"name": "spin",
					"parent": "chest",
					"pivot": [0, -13, 0],
					"rotation": [0, -2, 0]
				},
				{
					"name": "rightarm",
					"parent": "spin",
					"pivot": [0.5, 1.3, 1]
				},
				{
					"name": "rightitem",
					"parent": "rightarm",
					"pivot": [0, 0, 0]
				},
				{
					"name": "body",
					"parent": "chest",
					"pivot": [0, 0, 0]
				},
				{
					"name": "base_rotation",
					"parent": "body",
					"pivot": [0, 7, 0],
					"rotation": [180, 0, 0],
					"cubes": [
						{"origin": [-8, 5, 6], "size": [2, 9, 2], "uv": [42, 0]},
						{"origin": [6, 5, 6], "size": [2, 9, 2], "uv": [0, 42]},
						{"origin": [-8, 5, -8], "size": [2, 9, 2], "uv": [0, 24]},
						{"origin": [6, 5, -8], "size": [2, 9, 2], "uv": [0, 0]},
						{"origin": [-8, 4, -8], "size": [1, 1, 16], "uv": [0, 42]},
						{"origin": [-8, 13, -6], "size": [1, 1, 12], "uv": [22, 57]},
						{"origin": [7, 13, -6], "size": [1, 1, 12], "uv": [48, 56]},
						{"origin": [7, 4, -8], "size": [1, 1, 16], "uv": [40, 26]},
						{"origin": [-7, 4, -8], "size": [14, 1, 1], "uv": [56, 14]},
						{"origin": [-7, 4, 7], "size": [14, 1, 1], "uv": [42, 24]},
						{"origin": [-6, 13, 7], "size": [12, 1, 1], "uv": [56, 22]},
						{"origin": [-6, 13, -8], "size": [12, 1, 1], "uv": [56, 20]},
						{"origin": [-7, 4, -7], "size": [14, 10, 14], "uv": [0, 0]}
					]
				},
				{
					"name": "jaw",
					"parent": "chest",
					"pivot": [0, 10, 7]
				},
				{
					"name": "knob_rotation",
					"parent": "jaw",
					"pivot": [0, 7, 0],
					"rotation": [180, 0, 0],
					"cubes": [
						{"origin": [-2, 3, 7], "size": [4, 4, 2], "uv": [18, 42]}
					]
				},
				{
					"name": "lid_rotation",
					"parent": "jaw",
					"pivot": [0, 7, 0],
					"rotation": [180, 0, 0],
					"cubes": [
						{"origin": [-7, 0, -7], "size": [14, 4, 14], "uv": [0, 24]},
						{"origin": [6, -1, -8], "size": [2, 5, 2], "uv": [48, 31]},
						{"origin": [-8, -1, -8], "size": [2, 5, 2], "uv": [34, 42]},
						{"origin": [6, -1, 6], "size": [2, 5, 2], "uv": [42, 26]},
						{"origin": [-6, 3, 7], "size": [12, 1, 1], "uv": [56, 18]},
						{"origin": [-6, 3, -8], "size": [12, 1, 1], "uv": [56, 16]},
						{"origin": [-8, 3, -6], "size": [1, 1, 12], "uv": [48, 43]},
						{"origin": [7, 3, -6], "size": [1, 1, 12], "uv": [34, 44]},
						{"origin": [6, -1, -6], "size": [2, 2, 12], "uv": [18, 42]},
						{"origin": [-8, -1, -6], "size": [2, 2, 12], "uv": [42, 0]},
						{"origin": [-8, -1, 6], "size": [2, 5, 2], "uv": [8, 42]}
					]
				},
				{
					"name": "updraft",
					"pivot": [0, 0, 0],
					"locators": {
						"locator": [0, 0, 0]
					}
				}
			]
		}
	]
}