{
	"namespace": "chest_ui",
	"chest_label": {
		"type": "label",
		"offset": [
			7,
			10
		],
		"anchor_from": "top_left",
		"anchor_to": "top_left",
		"text": "#title_text",
		"size": [
			"90%",
			"default"
		],
		"color": "$title_text_color",
		"layer": 2
	},
	"chest_panel": {
		"type": "panel",
		"size": [
			"100%c",
			"100%c"
		],
		"controls": [
			{
				"tiny_chest_grid_image": {
					"type": "image",
					"size": [
						176,
						44
					],
					"texture": "textures/ui/generic_5",
					"$tiny_chest_flag": "§c§h§e§s§t§0§5",
					"layer": 0,
					"controls": [
						{
							"title_label@chest_ui.chest_label": {}
						},
						{
							"close_button@common.close_button": {
								"$close_button_offset": [
									-2,
									2
								]
							}
						},
						{
							"chest_grid": {
								"type": "grid",
								"grid_dimensions": [
									5,
									1
								],
								"size": [
									"100% - 86px",
									"100% - 26px"
								],
								"offset": [
									43,
									21
								],
								"anchor_from": "top_left",
								"anchor_to": "top_left",
								"grid_item_template": "chest_ui.inventory_item",
								"collection_name": "form_buttons",
								"layer": 1
							}
						}
					],
					"bindings": [
						{
							"binding_name": "#title_text"
						},
						{
							"binding_type": "view",
							"source_property_name": "(not ((#title_text - $tiny_chest_flag) = #title_text))",
							"target_property_name": "#visible"
						}
					]
				}
			},
			{
				"nine_chest_grid_image": {
					"type": "image",
					"size": [
						176,
						44
					],
					"texture": "textures/ui/generic_9",
					"$nine_chest_flag": "§c§h§e§s§t§0§9",
					"layer": 0,
					"controls": [
						{
							"title_label@chest_ui.chest_label": {}
						},
						{
							"close_button@common.close_button": {
								"$close_button_offset": [
									-2,
									2
								]
							}
						},
						{
							"chest_grid": {
								"type": "grid",
								"grid_dimensions": [
									9,
									1
								],
								"size": [
									"100% - 14px",
									"100% - 26px"
								],
								"offset": [
									7,
									21
								],
								"anchor_from": "top_left",
								"anchor_to": "top_left",
								"grid_item_template": "chest_ui.inventory_item",
								"collection_name": "form_buttons",
								"layer": 1
							}
						}
					],
					"bindings": [
						{
							"binding_name": "#title_text"
						},
						{
							"binding_type": "view",
							"source_property_name": "(not ((#title_text - $nine_chest_flag) = #title_text))",
							"target_property_name": "#visible"
						}
					]
				}
			},

			{
				"eighteen_chest_grid_image": {
					"type": "image",
					"size": [
						176,
						62
					],
					"texture": "textures/ui/generic_18",
					"$eighteen_chest_flag": "§c§h§e§s§t§1§8",
					"layer": 0,
					"controls": [
						{
							"title_label@chest_ui.chest_label": {}
						},
						{
							"close_button@common.close_button": {
								"$close_button_offset": [
									-2,
									2
								]
							}
						},
						{
							"chest_grid": {
								"type": "grid",
								"grid_dimensions": [
									9,
									2
								],
								"size": [
									"100% - 14px",
									"100% - 26px"
								],
								"offset": [
									7,
									21
								],
								"anchor_from": "top_left",
								"anchor_to": "top_left",
								"grid_item_template": "chest_ui.inventory_item",
								"collection_name": "form_buttons",
								"layer": 1
							}
						}
					],
					"bindings": [
						{
							"binding_name": "#title_text"
						},
						{
							"binding_type": "view",
							"source_property_name": "(not ((#title_text - $eighteen_chest_flag) = #title_text))",
							"target_property_name": "#visible"
						}
					]
				}
			},
			{
				"small_chest_grid_image": {
					"type": "image",
					"size": [
						176,
						80
					],
					"texture": "textures/ui/generic_27",
					"$small_chest_flag": "§c§h§e§s§t§2§7",
					"layer": 0,
					"controls": [
						{
							"title_label@chest_ui.chest_label": {}
						},
						{
							"close_button@common.close_button": {
								"$close_button_offset": [
									-2,
									2
								]
							}
						},
						{
							"chest_grid": {
								"type": "grid",
								"grid_dimensions": [
									9,
									3
								],
								"size": [
									"100% - 14px",
									"100% - 26px"
								],
								"offset": [
									7,
									21
								],
								"anchor_from": "top_left",
								"anchor_to": "top_left",
								"grid_item_template": "chest_ui.inventory_item",
								"collection_name": "form_buttons",
								"layer": 1
							}
						}
					],
					"bindings": [
						{
							"binding_name": "#title_text"
						},
						{
							"binding_type": "view",
							"source_property_name": "(not ((#title_text - $small_chest_flag) = #title_text))",
							"target_property_name": "#visible"
						}
					]
				}
			},
			{
				"thirtysix_chest_grid_image": {
					"type": "image",
					"size": [
						176,
						98
					],
					"texture": "textures/ui/generic_36",
					"$thirtysix_chest_flag": "§c§h§e§s§t§3§6",
					"layer": 0,
					"controls": [
						{
							"title_label@chest_ui.chest_label": {}
						},
						{
							"close_button@common.close_button": {
								"$close_button_offset": [
									-2,
									2
								]
							}
						},
						{
							"chest_grid": {
								"type": "grid",
								"grid_dimensions": [
									9,
									4
								],
								"size": [
									"100% - 14px",
									"100% - 26px"
								],
								"offset": [
									7,
									21
								],
								"anchor_from": "top_left",
								"anchor_to": "top_left",
								"grid_item_template": "chest_ui.inventory_item",
								"collection_name": "form_buttons",
								"layer": 1
							}
						}
					],
					"bindings": [
						{
							"binding_name": "#title_text"
						},
						{
							"binding_type": "view",
							"source_property_name": "(not ((#title_text - $thirtysix_chest_flag) = #title_text))",
							"target_property_name": "#visible"
						}
					]
				}
			},
			{
				"fourtyfive_chest_grid_image": {
					"type": "image",
					"size": [
						176,
						116
					],
					"texture": "textures/ui/generic_45",
					"$fourtyfive_chest_flag": "§c§h§e§s§t§4§5",
					"layer": 0,
					"controls": [
						{
							"title_label@chest_ui.chest_label": {}
						},
						{
							"close_button@common.close_button": {
								"$close_button_offset": [
									-2,
									2
								]
							}
						},
						{
							"chest_grid": {
								"type": "grid",
								"grid_dimensions": [
									9,
									5
								],
								"size": [
									"100% - 14px",
									"100% - 26px"
								],
								"offset": [
									7,
									21
								],
								"anchor_from": "top_left",
								"anchor_to": "top_left",
								"grid_item_template": "chest_ui.inventory_item",
								"collection_name": "form_buttons",
								"layer": 1
							}
						}
					],
					"bindings": [
						{
							"binding_name": "#title_text"
						},
						{
							"binding_type": "view",
							"source_property_name": "(not ((#title_text - $fourtyfive_chest_flag) = #title_text))",
							"target_property_name": "#visible"
						}
					]
				}
			},
			{
				"large_chest_grid_image": {
					"type": "image",
					"size": [
						176,
						134
					],
					"texture": "textures/ui/generic_54",
					"$large_chest_flag": "§c§h§e§s§t§5§4",
					"layer": 0,
					"controls": [
						{
							"chest_label@chest_ui.chest_label": {}
						},
						{
							"close_button@common.close_button": {
								"$close_button_offset": [
									-2,
									2
								]
							}
						},
						{
							"chest_grid": {
								"type": "grid",
								"grid_dimensions": [
									9,
									6
								],
								"size": [
									"100% - 14px",
									"100% - 26px"
								],
								"offset": [
									7,
									21
								],
								"anchor_from": "top_left",
								"anchor_to": "top_left",
								"grid_item_template": "chest_ui.inventory_item",
								"collection_name": "form_buttons",
								"layer": 1
							}
						}
					],
					"bindings": [
						{
							"binding_name": "#title_text"
						},
						{
							"binding_type": "view",
							"source_property_name": "(not ((#title_text - $large_chest_flag) = #title_text))",
							"target_property_name": "#visible"
						}
					]
				}
			},
			{
				"eightrowelevencol_chest_grid_image": {
					"type": "image",
					"size": [
						212,
						170
					],
					"texture": "textures/ui/generic_88",
					"$large_chest_flag": "§c§h§e§s§t§8§8",
					"layer": 0,
					"controls": [
						{
							"chest_label@chest_ui.chest_label": {}
						},
						{
							"close_button@common.close_button": {
								"$close_button_offset": [
									-2,
									2
								]
							}
						},
						{
							"chest_grid": {
								"type": "grid",
								"grid_dimensions": [
									11,
									8
								],
								"size": [
									"100% - 14px",
									"100% - 26px"
								],
								"offset": [
									7,
									21
								],
								"anchor_from": "top_left",
								"anchor_to": "top_left",
								"grid_item_template": "chest_ui.inventory_item",
								"collection_name": "form_buttons",
								"layer": 1
							}
						}
					],
					"bindings": [
						{
							"binding_name": "#title_text"
						},
						{
							"binding_type": "view",
							"source_property_name": "(not ((#title_text - $large_chest_flag) = #title_text))",
							"target_property_name": "#visible"
						}
					]
				}
			}




		]
	},
	"inventory_button@common.button": {
		"$pressed_button_name": "button.form_button_click",
		"default_control": "default",
		"hover_control": "hover",
		"pressed_control": "pressed",
		"$texture_bindings": [
			{
				"binding_name": "#form_button_texture",
				"binding_type": "collection",
				"binding_collection_name": "form_buttons"
			},
			{
				"binding_type": "view",
				"source_property_name": "(not (('%.8s' * #form_button_texture) = 'textures'))",
				"target_property_name": "#visible"
			},
			{
				"binding_type": "view",
				"source_property_name": "(not ((#texture = '') or (#texture = 'loading')))",
				"target_property_name": "#visible"
			},
			{
				"binding_type": "view",
				"source_property_name": "(#form_button_texture * 1)",
				"target_property_name": "#item_id_aux"
			}
		],
		"controls": [
			{
				"inventory_button_amount@chest_ui.inventory_button_amount": {}
			},
			{
				"default@chest_ui.default_control": {}
			},
			{
				"hover@chest_ui.hover_control": {}
			},
			{
				"pressed@chest_ui.pressed_control": {}
			}
		],
		"bindings": [
			{
				"binding_name": "#null",
				"binding_type": "collection",
				"binding_condition": "none",
				"binding_collection_name": "form_buttons"
			},
			{
				"binding_name": "#null",
				"binding_type": "collection_details",
				"binding_collection_name": "form_buttons"
			},
			{
				"binding_name": "#form_button_text",
				"binding_type": "collection",
				"binding_collection_name": "form_buttons"
			},
			{
				"binding_name": "#null",
				"binding_type": "view",
				"source_property_name": "(not (#form_button_text = ''))",
				"target_property_name": "#visible"
			}
		]
	},
	"non_renderer_item": {
		"type": "image",
		"size": [
			16,
			16
		],
		"bindings": [
			{
				"binding_name": "#form_button_texture",
				"binding_name_override": "#texture",
				"binding_type": "collection",
				"binding_collection_name": "form_buttons"
			},
			{
				"binding_type": "view",
				"source_property_name": "(not ((#texture = '') or (#texture = 'loading')))",
				"target_property_name": "#visible"
			},
			{
				"binding_type": "view",
				"source_property_name": "(('%.8s' * #texture) = 'textures')",
				"target_property_name": "#visible"
			}
		]
	},
	"default_control": {
		"type": "panel",
		"size": [
			"100%c",
			"100%c"
		],
		"layer": 3,
		"controls": [
			{
				"item_block@beacon.item_renderer": {
					"size": [
						16,
						16
					],
					"bindings": "$texture_bindings"
				}
			},
			{
				"non_renderer_item@chest_ui.non_renderer_item": {}
			}
		]
	},
	"hover_control": {
		"type": "panel",
		"size": [
			"100%c",
			"100%c"
		],
		"controls": [
			{
				"hovering_image": {
					"type": "panel",
					"size": [
						18,
						18
					],
					"controls": [
						{
							"item_details": {
								"type": "custom",
								"renderer": "hover_text_renderer",
								"allow_clipping": false,
								"layer": 30,
								"bindings": [
									{
										"binding_name": "#form_button_text",
										"binding_type": "collection",
										"binding_collection_name": "form_buttons"
									},
									{
										"binding_type": "view",
										"source_property_name": "(#form_button_text - ('%.8s' * #form_button_text))",
										"target_property_name": "#hover_text"
									},
									{
										"binding_type": "collection_details",
										"binding_collection_name": "form_buttons"
									}
								]
							}
						},
						{
							"item_block@beacon.item_renderer": {
								"size": [
									16,
									16
								],
								"bindings": "$texture_bindings",
								"layer": 3,
								"offset": [
									1,
									1
								]
							}
						},
						{
							"non_renderer_item@chest_ui.non_renderer_item": {
								"layer": 3
							}
						},
						{
							"highlight_slot": {
								"type": "image",
								"size": [
									18,
									18
								],
								"texture": "textures/ui/highlight_slot",
								"layer": 0
							}
						},
						{
							"focus_border": {
								"type": "image",
								"size": [
									18,
									18
								],
								"texture": "textures/ui/focus_border_white",
								"layer": 1
							}
						}
					]
				}
			}
		]
	},
	"pressed_control": {
		"type": "panel",
		"size": [
			"100%c",
			"100%c"
		],
		"controls": [
			{
				"item_block@beacon.item_renderer": {
					"size": [
						16,
						16
					],
					"bindings": "$texture_bindings"
				}
			},
			{
				"non_renderer_item@chest_ui.non_renderer_item": {}
			}
		]
	},
	"inventory_button_amount": {
		"type": "panel",
		"controls": [
			{
				"item_amount": {
					"type": "label",
					"offset": [
						0,
						1
					],
					"shadow": true,
					"text_alignment": "left",
					"anchor_from": "bottom_right",
					"anchor_to": "bottom_right",
					"color": "$tool_tip_text",
					"layer": 4,
					"text": "#stack_size",
					"bindings": [
						{
							"binding_name": "#null",
							"binding_type": "collection",
							"binding_condition": "none",
							"binding_collection_name": "form_buttons"
						},
						{
							"binding_name": "#null",
							"binding_type": "collection_details",
							"binding_collection_name": "form_buttons"
						},
						{
							"binding_name": "#form_button_text",
							"binding_type": "collection",
							"binding_collection_name": "form_buttons"
						},
						{
							"binding_name": "#null",
							"binding_type": "view",
							"source_property_name": "((#form_button_text - 'stack#01') = #form_button_text)",
							"target_property_name": "#visible"
						},
						{
							"binding_name": "#null",
							"binding_type": "view",
							"source_property_name": "(('§z') + (('%.8s' * #form_button_text) - ('%.6s' * #form_button_text)))",
							"target_property_name": "#stack_size"
						}
					]
				}
			}
		]
	},
	"inventory_item": {
		"type": "stack_panel",
		"size": [
			18,
			18
		],
		"layer": 2,
		"controls": [
			{
				"inventory_button@chest_ui.inventory_button": {}
			}
		]
	}
}