{
	"format_version": "1.12.0",
	"minecraft:geometry": [
		{
			"description": {
				"identifier": "geometry.daily_rewards",
				"texture_width": 32,
				"texture_height": 32,
				"visible_bounds_width": 3,
				"visible_bounds_height": 4,
				"visible_bounds_offset": [0, 1, 0]
			},
			"bones": [
				{
					"name": "gift",
					"pivot": [0, 25, 0]
				},
				{
					"name": "box",
					"parent": "gift",
					"pivot": [0, 24, 0],
					"cubes": [
						{
							"origin": [-8, 19.1, -8],
							"size": [16, 10, 16],
							"uv": {
								"north": {
									"uv": [0, 21],
									"uv_size": [16, 10]
								},
								"east": {
									"uv": [16, 21],
									"uv_size": [-16, 10]
								},
								"south": {
									"uv": [0, 21],
									"uv_size": [16, 10]
								},
								"west": {
									"uv": [16, 21],
									"uv_size": [-16, 10]
								},
								"down": {
									"uv": [1, 17],
									"uv_size": [16, -16]
								}
							}
						}
					]
				},
				{
					"name": "lid",
					"parent": "box",
					"pivot": [0, 30.9, 0],
					"cubes": [
						{
							"origin": [-5.5559, 31.42449, -1.77939],
							"size": [7, 0, 4],
							"pivot": [1.09317, 33, 0.13424],
							"rotation": [174.22945, 26.91243, 166.00141],
							"uv": {
								"north": {
									"uv": [23, 66],
									"uv_size": [-11, 0]
								},
								"east": {
									"uv": [34, 66],
									"uv_size": [-11, 0]
								},
								"south": {
									"uv": [45, 66],
									"uv_size": [-11, 0]
								},
								"west": {
									"uv": [12, 66],
									"uv_size": [-11, 0]
								},
								"up": {
									"uv": [25, 0],
									"uv_size": [-7, 4]
								},
								"down": {
									"uv": [34, 66],
									"uv_size": [-11, -11]
								}
							}
						},
						{
							"origin": [-5.39321, 31.57736, -3.62395],
							"size": [7, 0, 4],
							"pivot": [1.07161, 31.82306, -1.23733],
							"rotation": [178.53302, -20.13078, 173.32621],
							"uv": {
								"north": {
									"uv": [23, 66],
									"uv_size": [-11, 0]
								},
								"east": {
									"uv": [34, 66],
									"uv_size": [-11, 0]
								},
								"south": {
									"uv": [45, 66],
									"uv_size": [-11, 0]
								},
								"west": {
									"uv": [12, 66],
									"uv_size": [-11, 0]
								},
								"up": {
									"uv": [32, 0],
									"uv_size": [-7, 4]
								},
								"down": {
									"uv": [34, 66],
									"uv_size": [-11, -11]
								}
							}
						},
						{
							"origin": [-1.60679, 31.57736, -3.62395],
							"size": [7, 0, 4],
							"pivot": [-1.07161, 31.82306, -1.23733],
							"rotation": [178.53302, 20.13078, -173.32621],
							"uv": {
								"north": {
									"uv": [12, 66],
									"uv_size": [11, 0]
								},
								"east": {
									"uv": [1, 66],
									"uv_size": [11, 0]
								},
								"south": {
									"uv": [34, 66],
									"uv_size": [11, 0]
								},
								"west": {
									"uv": [23, 66],
									"uv_size": [11, 0]
								},
								"up": {
									"uv": [25, 0],
									"uv_size": [7, 4]
								},
								"down": {
									"uv": [23, 66],
									"uv_size": [11, -11]
								}
							}
						},
						{
							"origin": [-7.09811, 31.62816, -2.28892],
							"size": [7, 0, 4],
							"pivot": [-3.99811, 31.92816, -1.88892],
							"rotation": [174.64509, 75.07461, -177.99647],
							"uv": {
								"north": {
									"uv": [12, 66],
									"uv_size": [11, 0]
								},
								"east": {
									"uv": [1, 66],
									"uv_size": [11, 0]
								},
								"south": {
									"uv": [34, 66],
									"uv_size": [11, 0]
								},
								"west": {
									"uv": [23, 66],
									"uv_size": [11, 0]
								},
								"up": {
									"uv": [18, 4],
									"uv_size": [7, 4]
								},
								"down": {
									"uv": [23, 66],
									"uv_size": [11, -11]
								}
							}
						},
						{
							"origin": [0.09811, 31.62816, -2.28892],
							"size": [7, 0, 4],
							"pivot": [3.99811, 31.92816, -1.88892],
							"rotation": [174.64509, -75.07461, 177.99647],
							"uv": {
								"north": {
									"uv": [23, 66],
									"uv_size": [-11, 0]
								},
								"east": {
									"uv": [34, 66],
									"uv_size": [-11, 0]
								},
								"south": {
									"uv": [45, 66],
									"uv_size": [-11, 0]
								},
								"west": {
									"uv": [12, 66],
									"uv_size": [-11, 0]
								},
								"up": {
									"uv": [25, 4],
									"uv_size": [-7, 4]
								},
								"down": {
									"uv": [34, 66],
									"uv_size": [-11, -11]
								}
							}
						},
						{
							"origin": [-1.4441, 31.42449, -1.77939],
							"size": [7, 0, 4],
							"pivot": [-1.09317, 33, 0.13424],
							"rotation": [174.22945, -26.91243, -166.00141],
							"uv": {
								"north": {
									"uv": [12, 66],
									"uv_size": [11, 0]
								},
								"east": {
									"uv": [1, 66],
									"uv_size": [11, 0]
								},
								"south": {
									"uv": [34, 66],
									"uv_size": [11, 0]
								},
								"west": {
									"uv": [23, 66],
									"uv_size": [11, 0]
								},
								"up": {
									"uv": [18, 0],
									"uv_size": [7, 4]
								},
								"down": {
									"uv": [23, 66],
									"uv_size": [11, -11]
								}
							}
						},
						{
							"origin": [-3.6, 31.7, -3.3],
							"size": [7, 0, 7],
							"uv": {
								"south": {
									"uv": [54, 50],
									"uv_size": [18, 3]
								},
								"up": {
									"uv": [19, 20],
									"uv_size": [7, 7]
								},
								"down": {
									"uv": [109, 34],
									"uv_size": [18, -18]
								}
							}
						},
						{
							"origin": [-9, 28.6, -9],
							"size": [18, 3, 18],
							"inflate": -0.4,
							"uv": {
								"north": {
									"uv": [0, 18],
									"uv_size": [18, 3]
								},
								"east": {
									"uv": [18, 18],
									"uv_size": [-18, 3]
								},
								"south": {
									"uv": [0, 18],
									"uv_size": [18, 3]
								},
								"west": {
									"uv": [18, 18],
									"uv_size": [-18, 3]
								},
								"up": {
									"uv": [0, 0],
									"uv_size": [18, 18]
								},
								"down": {
									"uv": [18, 19],
									"uv_size": [9, -9]
								}
							}
						}
					]
				}
			]
		}
	]
}