{
  "namespace": "smithing_table_pocket",

  "slots_panel": {
    "type": "panel",
    "anchor_from": "top_left",
    "anchor_to": "top_left",
    "controls": [
      {
        "input_slot@common.pocket_ui_large_container_item": {
          "offset": [ 0, 0 ],
          "anchor_from": "top_left",
          "anchor_to": "top_left",
          "$item_collection_name": "smithing_table_input_items"
        }
      },
      {
        "material_slot@common.pocket_ui_large_container_item": {
          "offset": [ 48, 0 ],
          "anchor_from": "top_left",
          "anchor_to": "top_left",
          "$item_collection_name": "smithing_table_material_items",
          "$cell_overlay_ref": "smithing_table_pocket.ingot_image"
        }
      },
      {
        "result_slot@common.pocket_ui_large_container_item": {
          "offset": [ 109, 0 ],
          "anchor_from": "top_left",
          "anchor_to": "top_left",
          "$item_collection_name": "smithing_table_result_items",
          "$button_ref": "smithing_table.smithing_table_output_slot_button"
        }
      },
      {
        "plus_sign@smithing_table_pocket.upgrade_label": {
          "text": "+",
          "color": [0.082, 0.082, 0.082],
          "offset": [ 38, 11 ],
          "anchor_from": "top_left",
          "anchor_to": "top_left",
          "layer": 1
        }
      },
      {
        "arrow": {
          "type": "image",
          "texture": "textures/ui/arrow_inactive",
          "size": [ 22, 15 ],
          "anchor_from": "top_left",
          "anchor_to": "top_left",
          "offset": [ 83, 8 ],
          "controls": [
            {
              "cross_out": {
                "type": "image",
                "layer": 1,
                "texture": "textures/ui/crossout",
                "bindings": [
                  {
                    "binding_name": "#cross_out_icon",
                    "binding_name_override": "#visible"
                  }
                ]
              }
            }
          ]
        }
      }
    ]
  }
}