{
  "format_version": "1.10.0",
  "minecraft:client_entity": {
    "description": {
      "identifier": "azalea:crate",
      "materials": {
        "default": "entity_alphatest"
      },
      "textures": {
        "default": "textures/entity/chest/normal",
        "normal": "textures/entity/chest/ender",
        "custom": "textures/custom_chest/custom1"
      },
      "geometry": {
        "default": "geometry.closed_crate",
        "change": "geometry.closed_crate",
        "custom": "geometry.crate.custom"
      },
      "animations": {
        "stay": "animation.crate.stay",
        "item": "animation.crate.item",
        "rotate": "animation.crate.rotate",
        "short": "animation.crate.short",
        "showcase": "animation.crate.showcase",
        "open": "animation.crate.open",
        "close": "animation.crate.close",
        "halo0": "animation.crate.halo0",
        "halo1": "animation.crate.halo1",
        "halo2": "animation.crate.halo2",
        "halo3": "animation.crate.halo3",
        "controller": "controller.animation.crate"
      },
      "scripts": {
        "pre_animation": [
          "v.weapon = q.is_item_name_any('slot.weapon.mainhand','minecraft:bamboo', 'minecraft:blaze_rod', 'minecraft:bone', 'minecraft:bow', 'minecraft:carrot_on_a_stick', 'minecraft:crossbow', 'minecraft:diamond_axe', 'minecraft:diamond_hoe', 'minecraft:diamond_pickaxe', 'minecraft:diamond_shovel', 'minecraft:diamond_sword', 'minecraft:fishing_rod', 'minecraft:golden_axe', 'minecraft:golden_hoe', 'minecraft:golden_pickaxe', 'minecraft:golden_shovel', 'minecraft:golden_sword', 'minecraft:iron_axe', 'minecraft:iron_hoe', 'minecraft:iron_pickaxe', 'minecraft:iron_shovel', 'minecraft:iron_sword', 'minecraft:netherite_axe', 'minecraft:netherite_hoe', 'minecraft:netherite_pickaxe', 'minecraft:netherite_shovel', 'minecraft:netherite_sword', 'minecraft:shield', 'minecraft:spyglass', 'minecraft:stick', 'minecraft:stone_axe', 'minecraft:stone_hoe', 'minecraft:stone_pickaxe', 'minecraft:stone_shovel', 'minecraft:stone_sword', 'minecraft:trident', 'minecraft:warped_fungus_on_a_stick', 'minecraft:wooden_axe', 'minecraft:wooden_hoe', 'minecraft:wooden_pickaxe', 'minecraft:wooden_shovel', 'minecraft:wooden_sword');",
          "v.block = q.is_item_name_any('slot.weapon.mainhand','minecraft:acacia_button','minecraft:acacia_fence_gate','minecraft:acacia_pressure_plate','minecraft:acacia_stairs','minecraft:acacia_trapdoor','minecraft:allow','minecraft:amethyst_block','minecraft:ancient_debris','minecraft:andesite_stairs','minecraft:anvil','minecraft:azalea','minecraft:azalea_leaves','minecraft:azalea_leaves_flowered','minecraft:bamboo_block','minecraft:bamboo_button','minecraft:bamboo_door','minecraft:bamboo_fence','minecraft:bamboo_fence_gate','minecraft:bamboo_mosaic','minecraft:bamboo_mosaic_slab','minecraft:bamboo_mosaic_stairs','minecraft:bamboo_planks','minecraft:bamboo_pressure_plate','minecraft:bamboo_slab','minecraft:bamboo_stairs','minecraft:bamboo_trapdoor','minecraft:banner','minecraft:barrel','minecraft:basalt','minecraft:beacon','minecraft:bedrock','minecraft:bee_nest','minecraft:beehive','minecraft:big_dripleaf','minecraft:birch_button','minecraft:birch_fence_gate','minecraft:birch_pressure_plate','minecraft:birch_stairs','minecraft:birch_trapdoor','minecraft:black_glazed_terracotta','minecraft:black_wool','minecraft:blackstone','minecraft:blackstone_slab','minecraft:blackstone_stairs','minecraft:blackstone_wall','minecraft:blast_furnace','minecraft:blue_glazed_terracotta','minecraft:blue_ice','minecraft:blue_wool','minecraft:bone_block','minecraft:bookshelf','minecraft:border_block','minecraft:brick_block','minecraft:brick_stairs','minecraft:brown_glazed_terracotta','minecraft:brown_mushroom_block','minecraft:brown_wool','minecraft:budding_amethyst','minecraft:cactus','minecraft:calcite','minecraft:carpet','minecraft:cartography_table','minecraft:carved_pumpkin','minecraft:chain_command_block','minecraft:chest','minecraft:chiseled_deepslate','minecraft:chiseled_nether_bricks','minecraft:chiseled_polished_blackstone','minecraft:chorus_flower','minecraft:chorus_plant','minecraft:clay','minecraft:coal_block','minecraft:coal_ore','minecraft:cobbled_deepslate','minecraft:cobbled_deepslate_slab','minecraft:cobbled_deepslate_stairs','minecraft:cobbled_deepslate_wall','minecraft:cobblestone','minecraft:cobblestone_wall','minecraft:command_block','minecraft:composter','minecraft:concrete','minecraft:concrete_powder','minecraft:conduit','minecraft:copper_block','minecraft:copper_ore','minecraft:coral_block','minecraft:cracked_deepslate_bricks','minecraft:cracked_deepslate_tiles','minecraft:cracked_nether_bricks','minecraft:cracked_polished_blackstone_bricks','minecraft:crafting_table','minecraft:crimson_button','minecraft:crimson_fence','minecraft:crimson_fence_gate','minecraft:crimson_hyphae','minecraft:crimson_nylium','minecraft:crimson_planks','minecraft:crimson_pressure_plate','minecraft:crimson_slab','minecraft:crimson_stairs','minecraft:crimson_stem','minecraft:crimson_trapdoor','minecraft:crying_obsidian','minecraft:cut_copper','minecraft:cut_copper_slab','minecraft:cut_copper_stairs','minecraft:cyan_glazed_terracotta','minecraft:cyan_wool','minecraft:dark_oak_button','minecraft:dark_oak_fence_gate','minecraft:dark_oak_pressure_plate','minecraft:dark_oak_stairs','minecraft:dark_oak_trapdoor','minecraft:dark_prismarine_stairs','minecraft:daylight_detector','minecraft:decorated_pot','minecraft:deepslate','minecraft:deepslate_brick_slab','minecraft:deepslate_brick_stairs','minecraft:deepslate_brick_wall','minecraft:deepslate_bricks','minecraft:deepslate_coal_ore','minecraft:deepslate_copper_ore','minecraft:deepslate_diamond_ore','minecraft:deepslate_emerald_ore','minecraft:deepslate_gold_ore','minecraft:deepslate_iron_ore','minecraft:deepslate_lapis_ore','minecraft:deepslate_redstone_ore','minecraft:deepslate_tile_slab','minecraft:deepslate_tile_stairs','minecraft:deepslate_tile_wall','minecraft:deepslate_tiles','minecraft:deny','minecraft:diamond_block','minecraft:diamond_ore','minecraft:diorite_stairs','minecraft:dirt','minecraft:dirt_with_roots','minecraft:dispenser','minecraft:dragon_egg','minecraft:dried_kelp_block','minecraft:dripstone_block','minecraft:dropper','minecraft:emerald_block','minecraft:emerald_ore','minecraft:enchanting_table','minecraft:end_brick_stairs','minecraft:end_bricks','minecraft:end_portal_frame','minecraft:end_rod','minecraft:end_stone','minecraft:ender_chest','minecraft:exposed_copper','minecraft:exposed_cut_copper','minecraft:exposed_cut_copper_slab','minecraft:exposed_cut_copper_stairs','minecraft:farmland','minecraft:fence','minecraft:fence_gate','minecraft:fletching_table','minecraft:flowering_azalea','minecraft:frosted_ice','minecraft:furnace','minecraft:gilded_blackstone','minecraft:glass','minecraft:glass_pane','minecraft:glowstone','minecraft:gold_block','minecraft:gold_ore','minecraft:granite_stairs','minecraft:grass','minecraft:grass_path','minecraft:gravel','minecraft:gray_glazed_terracotta','minecraft:gray_wool','minecraft:green_glazed_terracotta','minecraft:green_wool','minecraft:grindstone','minecraft:hardened_clay','minecraft:hay_block','minecraft:heavy_weighted_pressure_plate','minecraft:honey_block','minecraft:honeycomb_block','minecraft:ice','minecraft:infested_deepslate','minecraft:iron_block','minecraft:iron_ore','minecraft:iron_trapdoor','minecraft:jigsaw','minecraft:jukebox','minecraft:jungle_button','minecraft:jungle_fence_gate','minecraft:jungle_pressure_plate','minecraft:jungle_stairs','minecraft:jungle_trapdoor','minecraft:lapis_block','minecraft:lapis_ore','minecraft:leaves','minecraft:leaves2','minecraft:lectern','minecraft:light_blue_glazed_terracotta','minecraft:light_blue_wool','minecraft:light_gray_wool','minecraft:light_weighted_pressure_plate','minecraft:lightning_rod','minecraft:lime_glazed_terracotta','minecraft:lime_wool','minecraft:lit_pumpkin','minecraft:lodestone','minecraft:oak_log','minecraft:birch_log','minecraft:acacia_log','minecraft:spruce_log','minecraft:jungle_log','minecraft:dark_oak_log','minecraft:cherry_log','minecraft:cherry_planks','minecraft:loom','minecraft:magenta_glazed_terracotta','minecraft:magenta_wool','minecraft:magma','minecraft:mangrove_button','minecraft:mangrove_fence','minecraft:mangrove_fence_gate','minecraft:mangrove_leaves','minecraft:mangrove_log','minecraft:mangrove_planks','minecraft:mangrove_pressure_plate','minecraft:mangrove_slab','minecraft:mangrove_stairs','minecraft:mangrove_trapdoor','minecraft:mangrove_wood','minecraft:melon_block','minecraft:mob_spawner','minecraft:monster_egg','minecraft:moss_block','minecraft:moss_carpet','minecraft:mossy_cobblestone','minecraft:mossy_cobblestone_stairs','minecraft:mossy_stone_brick_stairs','minecraft:mud','minecraft:mud_brick_slab','minecraft:mud_brick_stairs','minecraft:mud_brick_wall','minecraft:mud_bricks','minecraft:muddy_mangrove_roots','minecraft:mycelium','minecraft:nether_brick','minecraft:nether_brick_fence','minecraft:nether_brick_stairs','minecraft:nether_gold_ore','minecraft:nether_wart_block','minecraft:netherite_block','minecraft:netherrack','minecraft:normal_stone_stairs','minecraft:noteblock','minecraft:oak_stairs','minecraft:observer','minecraft:obsidian','minecraft:ochre_froglight','minecraft:orange_glazed_terracotta','minecraft:orange_wool','minecraft:oxidized_copper','minecraft:oxidized_cut_copper','minecraft:oxidized_cut_copper_slab','minecraft:oxidized_cut_copper_stairs','minecraft:packed_ice','minecraft:packed_mud','minecraft:pearlescent_froglight','minecraft:pink_glazed_terracotta','minecraft:piston','minecraft:planks','minecraft:podzol','minecraft:polished_andesite_stairs','minecraft:polished_basalt','minecraft:polished_blackstone','minecraft:polished_blackstone_brick_slab','minecraft:polished_blackstone_brick_stairs','minecraft:polished_blackstone_brick_wall','minecraft:polished_blackstone_bricks','minecraft:polished_blackstone_button','minecraft:polished_blackstone_pressure_plate','minecraft:polished_blackstone_slab','minecraft:polished_blackstone_stairs','minecraft:polished_blackstone_wall','minecraft:polished_deepslate','minecraft:polished_deepslate_slab','minecraft:polished_deepslate_stairs','minecraft:polished_deepslate_wall','minecraft:polished_diorite_stairs','minecraft:polished_granite_stairs','minecraft:prismarine','minecraft:prismarine_bricks_stairs','minecraft:prismarine_stairs','minecraft:pumpkin','minecraft:purple_glazed_terracotta','minecraft:purple_wool','minecraft:purpur_block','minecraft:purpur_stairs','minecraft:quartz_block','minecraft:quartz_bricks','minecraft:raw_copper_block','minecraft:raw_gold_block','minecraft:raw_iron_block','minecraft:red_glazed_terracotta','minecraft:red_mushroom_block','minecraft:red_nether_brick','minecraft:red_nether_brick_stairs','minecraft:red_sandstone','minecraft:red_sandstone_stairs','minecraft:red_wool','minecraft:redstone_lamp','minecraft:redstone_ore','minecraft:reinforced_deepslate','minecraft:repeating_command_block','minecraft:respawn_anchor','minecraft:sand','minecraft:sandstone','minecraft:sandstone_stairs','minecraft:scaffolding','minecraft:sculk','minecraft:sculk_catalyst','minecraft:sculk_sensor','minecraft:sculk_shrieker','minecraft:sculk_vein','minecraft:sea_lantern','minecraft:shroomlight','minecraft:shulker_box','minecraft:silver_glazed_terracotta','minecraft:skull','minecraft:slime','minecraft:small_dripleaf_block','minecraft:smithing_table','minecraft:smoker','minecraft:smooth_basalt','minecraft:smooth_quartz_stairs','minecraft:smooth_red_sandstone_stairs','minecraft:smooth_sandstone_stairs','minecraft:smooth_stone','minecraft:snow','minecraft:snow_layer','minecraft:soul_sand','minecraft:soul_soil','minecraft:sponge','minecraft:spore_blossom','minecraft:spruce_button','minecraft:spruce_fence_gate','minecraft:spruce_pressure_plate','minecraft:spruce_stairs','minecraft:spruce_trapdoor','minecraft:stained_glass','minecraft:stained_glass_pane','minecraft:stained_hardened_clay','minecraft:sticky_piston','minecraft:stone','minecraft:stone_block_slab','minecraft:stone_block_slab2','minecraft:stone_block_slab3','minecraft:stone_block_slab4','minecraft:stone_brick_stairs','minecraft:stone_button','minecraft:stone_pressure_plate','minecraft:stone_stairs','minecraft:stonebrick','minecraft:stonecutter_block','minecraft:stripped_acacia_log','minecraft:stripped_bamboo_block','minecraft:stripped_birch_log','minecraft:stripped_crimson_hyphae','minecraft:stripped_crimson_stem','minecraft:stripped_dark_oak_log','minecraft:stripped_jungle_log','minecraft:stripped_mangrove_log','minecraft:stripped_mangrove_wood','minecraft:stripped_oak_log','minecraft:stripped_spruce_log','minecraft:stripped_warped_hyphae','minecraft:stripped_warped_stem','minecraft:structure_block','minecraft:structure_void','minecraft:suspicious_sand','minecraft:target','minecraft:tinted_glass','minecraft:tnt','minecraft:trapdoor','minecraft:trapped_chest','minecraft:tuff','minecraft:undyed_shulker_box','minecraft:verdant_froglight','minecraft:warped_button','minecraft:warped_fence','minecraft:warped_fence_gate','minecraft:warped_hyphae','minecraft:warped_nylium','minecraft:warped_planks','minecraft:warped_pressure_plate','minecraft:warped_slab','minecraft:warped_stairs','minecraft:warped_stem','minecraft:warped_trapdoor','minecraft:warped_wart_block','minecraft:waxed_copper','minecraft:waxed_cut_copper','minecraft:waxed_cut_copper_slab','minecraft:waxed_cut_copper_stairs','minecraft:waxed_exposed_copper','minecraft:waxed_exposed_cut_copper','minecraft:waxed_exposed_cut_copper_slab','minecraft:waxed_exposed_cut_copper_stairs','minecraft:waxed_oxidized_copper','minecraft:waxed_oxidized_cut_copper','minecraft:waxed_oxidized_cut_copper_slab','minecraft:waxed_oxidized_cut_copper_stairs','minecraft:waxed_weathered_copper','minecraft:waxed_weathered_cut_copper','minecraft:waxed_weathered_cut_copper_slab','minecraft:waxed_weathered_cut_copper_stairs','minecraft:weathered_copper','minecraft:weathered_cut_copper','minecraft:weathered_cut_copper_slab','minecraft:weathered_cut_copper_stairs','minecraft:white_glazed_terracotta','minecraft:white_wool','minecraft:wood','minecraft:wooden_button','minecraft:wooden_pressure_plate','minecraft:wooden_slab','minecraft:yellow_glazed_terracotta','minecraft:yellow_wool');",
          "v.item = q.is_item_name_any('slot.weapon.mainhand','minecraft:acacia_boat','minecraft:acacia_chest_boat','minecraft:acacia_door','minecraft:acacia_hanging_sign','minecraft:acacia_sign','minecraft:activator_rail','minecraft:agent_spawn_egg','minecraft:allay_spawn_egg','minecraft:amethyst_cluster','minecraft:amethyst_shard','minecraft:apple','minecraft:armor_stand','minecraft:arms_up_pottery_shard','minecraft:arrow','minecraft:axolotl_bucket','minecraft:axolotl_spawn_egg','minecraft:baked_potato','minecraft:bamboo_chest_raft','minecraft:bamboo_hanging_sign','minecraft:bamboo_raft','minecraft:bamboo_sign','minecraft:barrier','minecraft:bat_spawn_egg','minecraft:bed','minecraft:bee_spawn_egg','minecraft:beef','minecraft:beetroot','minecraft:beetroot_seeds','minecraft:beetroot_soup','minecraft:bell','minecraft:birch_boat','minecraft:birch_door','minecraft:birch_hanging_sign','minecraft:birch_sign','minecraft:black_candle','minecraft:black_dye','minecraft:blaze_powder','minecraft:blaze_spawn_egg','minecraft:blue_candle','minecraft:blue_dye','minecraft:boat','minecraft:bone_meal','minecraft:book','minecraft:bordure_indented_banner_pattern','minecraft:bowl','minecraft:bread','minecraft:brewing_stand','minecraft:brick','minecraft:brown_candle','minecraft:brown_dye','minecraft:brown_mushroom','minecraft:brush','minecraft:bucket','minecraft:cake','minecraft:camel_spawn_egg','minecraft:campfire','minecraft:candle','minecraft:carrot','minecraft:cat_spawn_egg','minecraft:cauldron','minecraft:cave_spider_spawn_egg','minecraft:chain','minecraft:chainmail_boots','minecraft:chainmail_chestplate','minecraft:chainmail_helmet','minecraft:chainmail_leggings','minecraft:charcoal','minecraft:chest_minecart','minecraft:chicken','minecraft:chicken_spawn_egg','minecraft:chorus_fruit','minecraft:clay_ball','minecraft:clock','minecraft:coal','minecraft:cocoa_beans','minecraft:cod','minecraft:cod_bucket','minecraft:cod_spawn_egg','minecraft:command_block_minecart','minecraft:comparator','minecraft:compass','minecraft:cooked_beef','minecraft:cooked_chicken','minecraft:cooked_cod','minecraft:cooked_mutton','minecraft:cooked_porkchop','minecraft:cooked_rabbit','minecraft:cooked_salmon','minecraft:cookie','minecraft:copper_ingot','minecraft:coral','minecraft:coral_fan','minecraft:coral_fan_dead','minecraft:cow_spawn_egg','minecraft:creeper_banner_pattern','minecraft:creeper_spawn_egg','minecraft:crimson_door','minecraft:crimson_fungus','minecraft:crimson_hanging_sign','minecraft:crimson_roots','minecraft:crimson_sign','minecraft:cyan_candle','minecraft:cyan_dye','minecraft:dark_oak_boat','minecraft:dark_oak_chest_boat','minecraft:dark_oak_door','minecraft:dark_oak_hanging_sign','minecraft:dark_oak_sign','minecraft:deadbush','minecraft:detector_rail','minecraft:diamond','minecraft:diamond_boots','minecraft:diamond_chestplate','minecraft:diamond_helmet','minecraft:diamond_horse_armor','minecraft:diamond_leggings','minecraft:disc_fragment_5','minecraft:dolphin_spawn_egg','minecraft:donkey_spawn_egg','minecraft:double_plant','minecraft:dragon_breath','minecraft:dried_kelp','minecraft:drowned_spawn_egg','minecraft:dye','minecraft:echo_shard','minecraft:egg','minecraft:elder_guardian_spawn_egg','minecraft:elytra','minecraft:emerald','minecraft:empty_map','minecraft:enchanted_book','minecraft:enchanted_golden_apple','minecraft:end_crystal','minecraft:ender_dragon_spawn_egg','minecraft:ender_eye','minecraft:ender_pearl','minecraft:enderman_spawn_egg','minecraft:endermite_spawn_egg','minecraft:evoker_spawn_egg','minecraft:experience_bottle','minecraft:feather','minecraft:fermented_spider_eye','minecraft:field_masoned_banner_pattern','minecraft:filled_map','minecraft:fire_charge','minecraft:firework_rocket','minecraft:firework_star','minecraft:flint','minecraft:flint_and_steel','minecraft:flower_banner_pattern','minecraft:flower_pot','minecraft:fox_spawn_egg','minecraft:frame','minecraft:frog_spawn','minecraft:frog_spawn_egg','minecraft:ghast_spawn_egg','minecraft:ghast_tear','minecraft:glass_bottle','minecraft:glistering_melon_slice','minecraft:globe_banner_pattern','minecraft:glow_berries','minecraft:glow_frame','minecraft:glow_ink_sac','minecraft:glow_lichen','minecraft:glow_squid_spawn_egg','minecraft:glowstone_dust','minecraft:goat_horn','minecraft:goat_spawn_egg','minecraft:gold_ingot','minecraft:gold_nugget','minecraft:golden_apple','minecraft:golden_boots','minecraft:golden_carrot','minecraft:golden_chestplate','minecraft:golden_helmet','minecraft:golden_horse_armor','minecraft:golden_leggings','minecraft:golden_rail','minecraft:gray_candle','minecraft:gray_dye','minecraft:green_candle','minecraft:green_dye','minecraft:guardian_spawn_egg','minecraft:gunpowder','minecraft:hanging_roots','minecraft:heart_of_the_sea','minecraft:hoglin_spawn_egg','minecraft:honey_bottle','minecraft:honeycomb','minecraft:hopper','minecraft:hopper_minecart','minecraft:horse_spawn_egg','minecraft:husk_spawn_egg','minecraft:ink_sac','minecraft:iron_bars','minecraft:iron_boots','minecraft:iron_chestplate','minecraft:iron_door','minecraft:iron_golem_spawn_egg','minecraft:iron_helmet','minecraft:iron_horse_armor','minecraft:iron_ingot','minecraft:iron_leggings','minecraft:iron_nugget','minecraft:jungle_boat','minecraft:jungle_chest_boat','minecraft:jungle_door','minecraft:jungle_hanging_sign','minecraft:jungle_sign','minecraft:kelp','minecraft:ladder','minecraft:lantern','minecraft:lapis_lazuli','minecraft:large_amethyst_bud','minecraft:lava_bucket','minecraft:lead','minecraft:leather','minecraft:leather_boots','minecraft:leather_chestplate','minecraft:leather_helmet','minecraft:leather_horse_armor','minecraft:leather_leggings','minecraft:lever','minecraft:light_block','minecraft:light_blue_candle','minecraft:light_blue_dye','minecraft:light_gray_candle','minecraft:light_gray_dye','minecraft:lime_candle','minecraft:lime_dye','minecraft:lingering_potion','minecraft:llama_spawn_egg','minecraft:lodestone_compass','minecraft:magenta_candle','minecraft:magenta_dye','minecraft:magma_cream','minecraft:magma_cube_spawn_egg','minecraft:mangrove_boat','minecraft:mangrove_chest_boat','minecraft:mangrove_door','minecraft:mangrove_hanging_sign','minecraft:mangrove_propagule','minecraft:mangrove_roots','minecraft:mangrove_sign','minecraft:medium_amethyst_bud','minecraft:melon_seeds','minecraft:melon_slice','minecraft:milk_bucket','minecraft:minecart','minecraft:mojang_banner_pattern','minecraft:mooshroom_spawn_egg','minecraft:mule_spawn_egg','minecraft:mushroom_stew','minecraft:music_disc_11','minecraft:music_disc_13','minecraft:music_disc_5','minecraft:music_disc_blocks','minecraft:music_disc_cat','minecraft:music_disc_chirp','minecraft:music_disc_far','minecraft:music_disc_mall','minecraft:music_disc_mellohi','minecraft:music_disc_otherside','minecraft:music_disc_pigstep','minecraft:music_disc_stal','minecraft:music_disc_strad','minecraft:music_disc_wait','minecraft:music_disc_ward','minecraft:mutton','minecraft:name_tag','minecraft:nautilus_shell','minecraft:nether_sprouts','minecraft:nether_star','minecraft:nether_wart','minecraft:netherbrick','minecraft:netherite_boots','minecraft:netherite_chestplate','minecraft:netherite_helmet','minecraft:netherite_ingot','minecraft:netherite_leggings','minecraft:netherite_scrap','minecraft:oak_boat','minecraft:oak_chest_boat','minecraft:oak_sign','minecraft:ocelot_spawn_egg','minecraft:orange_candle','minecraft:orange_dye','minecraft:painting','minecraft:panda_spawn_egg','minecraft:paper','minecraft:parrot_spawn_egg','minecraft:phantom_membrane','minecraft:phantom_spawn_egg','minecraft:pig_spawn_egg','minecraft:piglin_banner_pattern','minecraft:piglin_brute_spawn_egg','minecraft:piglin_spawn_egg','minecraft:pillager_spawn_egg','minecraft:pink_candle','minecraft:pink_dye','minecraft:pointed_dripstone','minecraft:poisonous_potato','minecraft:polar_bear_spawn_egg','minecraft:popped_chorus_fruit','minecraft:porkchop','minecraft:potato','minecraft:potion','minecraft:powder_snow_bucket','minecraft:prismarine_crystals','minecraft:prismarine_shard','minecraft:prize_pottery_shard','minecraft:pufferfish','minecraft:pufferfish_bucket','minecraft:pufferfish_spawn_egg','minecraft:pumpkin_pie','minecraft:pumpkin_seeds','minecraft:purple_candle','minecraft:purple_dye','minecraft:quartz','minecraft:rabbit','minecraft:rabbit_foot','minecraft:rabbit_hide','minecraft:rabbit_spawn_egg','minecraft:rabbit_stew','minecraft:rail','minecraft:ravager_spawn_egg','minecraft:raw_copper','minecraft:raw_gold','minecraft:raw_iron','minecraft:recovery_compass','minecraft:red_candle','minecraft:red_dye','minecraft:red_flower','minecraft:red_mushroom','minecraft:redstone','minecraft:redstone_torch','minecraft:reeds','minecraft:repeater','minecraft:rotten_flesh','minecraft:saddle','minecraft:salmon','minecraft:salmon_bucket','minecraft:salmon_spawn_egg','minecraft:sapling','minecraft:scute','minecraft:sea_pickle','minecraft:seagrass','minecraft:shears','minecraft:sheep_spawn_egg','minecraft:shulker_shell','minecraft:shulker_spawn_egg','minecraft:silverfish_spawn_egg','minecraft:skeleton_horse_spawn_egg','minecraft:skeleton_spawn_egg','minecraft:skull_banner_pattern','minecraft:skull_pottery_shard','minecraft:slime_ball','minecraft:slime_spawn_egg','minecraft:small_amethyst_bud','minecraft:sniffer_spawn_egg','minecraft:snow_golem_spawn_egg','minecraft:snowball','minecraft:soul_campfire','minecraft:soul_lantern','minecraft:soul_torch','minecraft:spawn_egg','minecraft:spider_eye','minecraft:spider_spawn_egg','minecraft:splash_potion','minecraft:spruce_boat','minecraft:spruce_door','minecraft:spruce_hanging_sign','minecraft:spruce_sign','minecraft:squid_spawn_egg','minecraft:stray_spawn_egg','minecraft:strider_spawn_egg','minecraft:string','minecraft:sugar','minecraft:sugar_cane','minecraft:suspicious_stew','minecraft:sweet_berries','minecraft:tadpole_bucket','minecraft:tadpole_spawn_egg','minecraft:tallgrass','minecraft:tnt_minecart','minecraft:torch','minecraft:torchflower','minecraft:torchflower_seeds','minecraft:totem_of_undying','minecraft:trader_llama_spawn_egg','minecraft:tripwire_hook','minecraft:tropical_fish','minecraft:tropical_fish_bucket','minecraft:tropical_fish_spawn_egg','minecraft:turtle_egg','minecraft:turtle_helmet','minecraft:turtle_spawn_egg','minecraft:twisting_vines','minecraft:vex_spawn_egg','minecraft:villager_spawn_egg','minecraft:vindicator_spawn_egg','minecraft:vine','minecraft:wandering_trader_spawn_egg','minecraft:warden_spawn_egg','minecraft:warped_door','minecraft:warped_fungus','minecraft:warped_hanging_sign','minecraft:warped_roots','minecraft:warped_sign','minecraft:water_bucket','minecraft:waterlily','minecraft:web','minecraft:weeping_vines','minecraft:wheat','minecraft:wheat_seeds','minecraft:white_candle','minecraft:white_dye','minecraft:witch_spawn_egg','minecraft:wither_rose','minecraft:wither_skeleton_spawn_egg','minecraft:wither_spawn_egg','minecraft:wolf_spawn_egg','minecraft:wooden_door','minecraft:writable_book','minecraft:yellow_candle','minecraft:yellow_dye','minecraft:yellow_flower','minecraft:zoglin_spawn_egg','minecraft:zombie_horse_spawn_egg','minecraft:zombie_pigman_spawn_egg','minecraft:zombie_spawn_egg','minecraft:zombie_villager_spawn_egg');",
          "v.Yoffset = (v.weapon)? ((q.get_equipped_item_name('main_hand') == 'trident')? 6.3 : 3) : (v.block)? 7 : (v.item)? 4 : 1;",
		      "v.Scale = (v.weapon)? ((q.get_equipped_item_name('main_hand') == 'trident')? 0.57 : 0.8) : (v.block)? 1 : 1.1;",
          "v.PosX = (v.weapon)? -2.05 : (v.block)? 3.95 : (v.item)? -0.8 : -1.2;",
          "v.PosY = (v.weapon)? 13.5+v.Yoffset : (v.block)? 15.75+v.Yoffset : (v.item)? 11+v.Yoffset : 15+v.Yoffset;",
          "v.PosZ = (v.weapon)? -0.5 : (v.block)? -4.5 : (v.item)? 1.5 : 1.5;",
          "v.RotX = (v.weapon)? 127.02257 : (v.block)? 159.93306 : (v.item)? -73.18295 : -78.75658;",
          "v.RotY = (v.weapon)? -83.66088 : (v.block)? 45.26182 : (v.item)? -11.4277 : -11.80728;",
          "v.RotZ = (v.weapon)? ((q.get_equipped_item_name('main_hand') == 'trident')? 170 : 155.54522) : (v.block)? 179.75029 : (v.item)? -14.6721 : -9.55618;"
        ],
		"animate": ["controller", "item"]
      },
      "particle_effects": {
        "falling_dust": "azalea:updraft",
        "halo1": "azalea:redflame",
        "halo2": "azalea:blueflame",
        "halo3": "azalea:green",
        "vortex": "azalea:vortex",
        "absorbw": "azalea:absorbw",
        "absorby": "azalea:absorby",
        "explode": "minecraft:dragon_destroy_block",
        "bang": "azalea:bang"
      },
      "sound_effects": {
        "open": "random.enderchestopen",
        "open1": "respawn_anchor.set_spawn",
        "beacon": "beacon.activate",
        "close": "random.enderchestclosed",
        "spin": "portal.portal",
        "spin1": "block.end_portal.spawn",
        "spin2": "respawn_anchor.ambient",
        "lava": "liquid.lava",
        "reward": "random.levelup",
        "explode": "mob.wither.break_block",
        "firework": "firework.launch",
        "firework2": "firework.large_blast",
        "twinkle": "firework.twinkle",
        "mood": "ambient.crimson_forest.mood"
      },
      "render_controllers": ["controller.render.crate"],
      "enable_attachables": true,
      "spawn_egg": {
        "texture": "azalea:crate_spawnegg",
        "texture_index": 0
      }
    }
  }
}
